{
  "Mean": {
    "confidence_interval": {
      "confidence_level": 0.95,
      "lower_bound": 152119.400431,
      "upper_bound": 154680.067458
    },
    "point_estimate": 153206.181083,
    "standard_error": 666.107518
  },
  "Median": {
    "confidence_interval": {
      "confidence_level": 0.95,
      "lower_bound": 151623.318182,
      "upper_bound": 151707.922557
    },
    "point_estimate": 151666.591575,
    "standard_error": 23.695144
  },
  "MedianAbsDev": {
    "confidence_interval": {
      "confidence_level": 0.95,
      "lower_bound": 94.857418,
      "upper_bound": 199.350756
    },
    "point_estimate": 139.201687,
    "standard_error": 27.432733
  },
  "Slope": {
    "confidence_interval": {
      "confidence_level": 0.95,
      "lower_bound": 151643.404663,
      "upper_bound": 151919.424815
    },
    "point_estimate": 151759.852684,
    "standard_error": 71.014835
  },
  "StdDev": {
    "confidence_interval": {
      "confidence_level": 0.95,
      "lower_bound": 1592.775725,
      "upper_bound": 10180.215963
    },
    "point_estimate": 6684.173865,
    "standard_error": 2289.197554
  }
}