{
  "Mean": {
    "confidence_interval": {
      "confidence_level": 0.95,
      "lower_bound": 150870.011707,
      "upper_bound": 152145.519594
    },
    "point_estimate": 151304.833416,
    "standard_error": 407.517427
  },
  "Median": {
    "confidence_interval": {
      "confidence_level": 0.95,
      "lower_bound": 150862.56875,
      "upper_bound": 150906.088531
    },
    "point_estimate": 150881.247555,
    "standard_error": 11.333272
  },
  "MedianAbsDev": {
    "confidence_interval": {
      "confidence_level": 0.95,
      "lower_bound": 79.718091,
      "upper_bound": 154.793563
    },
    "point_estimate": 116.752587,
    "standard_error": 18.989746
  },
  "Slope": {
    "confidence_interval": {
      "confidence_level": 0.95,
      "lower_bound": 150807.34295,
      "upper_bound": 150883.390902
    },
    "point_estimate": 150841.478752,
    "standard_error": 19.416334
  },
  "StdDev": {
    "confidence_interval": {
      "confidence_level": 0.95,
      "lower_bound": 131.083881,
      "upper_bound": 7035.572592
    },
    "point_estimate": 4104.21143,
    "standard_error": 2498.125715
  }
}