{
  "Mean": {
    "confidence_interval": {
      "confidence_level": 0.95,
      "lower_bound": 44710819.460274,
      "upper_bound": 44726982.121578
    },
    "point_estimate": 44718063.236938,
    "standard_error": 4106.977418
  },
  "Median": {
    "confidence_interval": {
      "confidence_level": 0.95,
      "lower_bound": 44712492.796285,
      "upper_bound": 44717943.35264
    },
    "point_estimate": 44715289.933575,
    "standard_error": 1525.452739
  },
  "MedianAbsDev": {
    "confidence_interval": {
      "confidence_level": 0.95,
      "lower_bound": 11371.677747,
      "upper_bound": 19595.599135
    },
    "point_estimate": 16312.602471,
    "standard_error": 2156.527538
  },
  "Slope": {
    "confidence_interval": {
      "confidence_level": 0.95,
      "lower_bound": 44712766.262661,
      "upper_bound": 44719922.002627
    },
    "point_estimate": 44716340.758357,
    "standard_error": 1824.206035
  },
  "StdDev": {
    "confidence_interval": {
      "confidence_level": 0.95,
      "lower_bound": 21484.804366,
      "upper_bound": 61374.038329
    },
    "point_estimate": 41205.902638,
    "standard_error": 11195.126394
  }
}