{
  "Mean": {
    "confidence_interval": {
      "confidence_level": 0.95,
      "lower_bound": 44828150.334792,
      "upper_bound": 44895834.9214
    },
    "point_estimate": 44852433.754143,
    "standard_error": 19516.708388
  },
  "Median": {
    "confidence_interval": {
      "confidence_level": 0.95,
      "lower_bound": 44824687.795699,
      "upper_bound": 44829005.455882
    },
    "point_estimate": 44826026.136042,
    "standard_error": 1068.097635
  },
  "MedianAbsDev": {
    "confidence_interval": {
      "confidence_level": 0.95,
      "lower_bound": 5408.637535,
      "upper_bound": 9223.531205
    },
    "point_estimate": 7350.702632,
    "standard_error": 951.493041
  },
  "Slope": {
    "confidence_interval": {
      "confidence_level": 0.95,
      "lower_bound": 44825567.890487,
      "upper_bound": 44946855.26053
    },
    "point_estimate": 44863524.464593,
    "standard_error": 36194.349141
  },
  "StdDev": {
    "confidence_interval": {
      "confidence_level": 0.95,
      "lower_bound": 10640.516569,
      "upper_bound": 333285.69503
    },
    "point_estimate": 196234.992127,
    "standard_error": 106747.231318
  }
}