{
  "Mean": {
    "confidence_interval": {
      "confidence_level": 0.95,
      "lower_bound": 44809586.070016,
      "upper_bound": 44827243.419823
    },
    "point_estimate": 44817563.913551,
    "standard_error": 4495.638401
  },
  "Median": {
    "confidence_interval": {
      "confidence_level": 0.95,
      "lower_bound": 44807858.566667,
      "upper_bound": 44821090.746773
    },
    "point_estimate": 44816156.932755,
    "standard_error": 3367.558408
  },
  "MedianAbsDev": {
    "confidence_interval": {
      "confidence_level": 0.95,
      "lower_bound": 17203.588352,
      "upper_bound": 25249.562026
    },
    "point_estimate": 21136.992623,
    "standard_error": 1989.749356
  },
  "Slope": {
    "confidence_interval": {
      "confidence_level": 0.95,
      "lower_bound": 44816052.862572,
      "upper_bound": 44823036.017865
    },
    "point_estimate": 44819489.001945,
    "standard_error": 1784.03084
  },
  "StdDev": {
    "confidence_interval": {
      "confidence_level": 0.95,
      "lower_bound": 22532.244224,
      "upper_bound": 68286.795205
    },
    "point_estimate": 45103.595533,
    "standard_error": 12906.549113
  }
}