{
  "Mean": {
    "confidence_interval": {
      "confidence_level": 0.95,
      "lower_bound": 12238287.496356,
      "upper_bound": 12300709.895177
    },
    "point_estimate": 12267694.981201,
    "standard_error": 15819.924974
  },
  "Median": {
    "confidence_interval": {
      "confidence_level": 0.95,
      "lower_bound": 12247093.180723,
      "upper_bound": 12262888.62069
    },
    "point_estimate": 12255458.280483,
    "standard_error": 4658.595941
  },
  "MedianAbsDev": {
    "confidence_interval": {
      "confidence_level": 0.95,
      "lower_bound": 28264.349998,
      "upper_bound": 49166.655911
    },
    "point_estimate": 39332.577213,
    "standard_error": 5374.018109
  },
  "Slope": {
    "confidence_interval": {
      "confidence_level": 0.95,
      "lower_bound": 12246242.622492,
      "upper_bound": 12257853.964288
    },
    "point_estimate": 12251970.333622,
    "standard_error": 2956.782992
  },
  "StdDev": {
    "confidence_interval": {
      "confidence_level": 0.95,
      "lower_bound": 81540.352905,
      "upper_bound": 230493.659728
    },
    "point_estimate": 159171.040976,
    "standard_error": 39014.148632
  }
}