{
  "Mean": {
    "confidence_interval": {
      "confidence_level": 0.95,
      "lower_bound": 12165052.2082,
      "upper_bound": 12250186.675327
    },
    "point_estimate": 12203282.892707,
    "standard_error": 21872.706119
  },
  "Median": {
    "confidence_interval": {
      "confidence_level": 0.95,
      "lower_bound": 12141298.884211,
      "upper_bound": 12166449.121525
    },
    "point_estimate": 12158345.846429,
    "standard_error": 5464.132683
  },
  "MedianAbsDev": {
    "confidence_interval": {
      "confidence_level": 0.95,
      "lower_bound": 39279.124832,
      "upper_bound": 63948.436612
    },
    "point_estimate": 49485.226834,
    "standard_error": 5986.822246
  },
  "Slope": {
    "confidence_interval": {
      "confidence_level": 0.95,
      "lower_bound": 12141625.995359,
      "upper_bound": 12158402.670685
    },
    "point_estimate": 12149970.70681,
    "standard_error": 4295.423886
  },
  "StdDev": {
    "confidence_interval": {
      "confidence_level": 0.95,
      "lower_bound": 115879.787801,
      "upper_bound": 313067.216465
    },
    "point_estimate": 219591.30642,
    "standard_error": 51470.278727
  }
}