{
  "Mean": {
    "confidence_interval": {
      "confidence_level": 0.95,
      "lower_bound": 13413331.395042,
      "upper_bound": 13482635.294853
    },
    "point_estimate": 13445188.054899,
    "standard_error": 17777.689807
  },
  "Median": {
    "confidence_interval": {
      "confidence_level": 0.95,
      "lower_bound": 13399407.606152,
      "upper_bound": 13414443.956522
    },
    "point_estimate": 13407009.489583,
    "standard_error": 3219.027541
  },
  "MedianAbsDev": {
    "confidence_interval": {
      "confidence_level": 0.95,
      "lower_bound": 23129.716027,
      "upper_bound": 43828.698419
    },
    "point_estimate": 32672.257372,
    "standard_error": 5043.857325
  },
  "Slope": {
    "confidence_interval": {
      "confidence_level": 0.95,
      "lower_bound": 13399080.619136,
      "upper_bound": 13409687.509026
    },
    "point_estimate": 13404381.337148,
    "standard_error": 2712.399814
  },
  "StdDev": {
    "confidence_interval": {
      "confidence_level": 0.95,
      "lower_bound": 99972.909663,
      "upper_bound": 241313.537137
    },
    "point_estimate": 178495.723855,
    "standard_error": 35998.674411
  }
}