{
    "Mean": {
        "confidence_interval": {
            "confidence_level": 0.95,
            "lower_bound": 15406823.0735,
            "upper_bound": 15646957.55325
        },
        "point_estimate": 15517023.77,
        "standard_error": 61446.105425
    },
    "Median": {
        "confidence_interval": {
            "confidence_level": 0.95,
            "lower_bound": 15290539,
            "upper_bound": 15403008.5
        },
        "point_estimate": 15335006,
        "standard_error": 29286.809335
    },
    "MedianAbsDev": {
        "confidence_interval": {
            "confidence_level": 0.95,
            "lower_bound": 108905.1243,
            "upper_bound": 219074.9064
        },
        "point_estimate": 155816.0709,
        "standard_error": 27846.381239
    },
    "StdDev": {
        "confidence_interval": {
            "confidence_level": 0.95,
            "lower_bound": 357087.081918,
            "upper_bound": 812674.608033
        },
        "point_estimate": 617981.937237,
        "standard_error": 113304.123748
    }
}
