{
  "Mean": {
    "confidence_interval": {
      "confidence_level": 0.95,
      "lower_bound": 87903.640373,
      "upper_bound": 93431.691258
    },
    "point_estimate": 90443.629811,
    "standard_error": 1410.65791
  },
  "Median": {
    "confidence_interval": {
      "confidence_level": 0.95,
      "lower_bound": 86564.677419,
      "upper_bound": 86607.616288
    },
    "point_estimate": 86582.430707,
    "standard_error": 11.800001
  },
  "MedianAbsDev": {
    "confidence_interval": {
      "confidence_level": 0.95,
      "lower_bound": 70.224447,
      "upper_bound": 138.558401
    },
    "point_estimate": 100.03782,
    "standard_error": 17.467604
  },
  "Slope": {
    "confidence_interval": {
      "confidence_level": 0.95,
      "lower_bound": 89922.843903,
      "upper_bound": 103607.144492
    },
    "point_estimate": 96528.82663,
    "standard_error": 3552.875984
  },
  "StdDev": {
    "confidence_interval": {
      "confidence_level": 0.95,
      "lower_bound": 8418.998072,
      "upper_bound": 18668.880758
    },
    "point_estimate": 14205.027061,
    "standard_error": 2674.044469
  }
}