{
  "Mean": {
    "confidence_interval": {
      "confidence_level": 0.95,
      "lower_bound": 86905.964991,
      "upper_bound": 89300.858098
    },
    "point_estimate": 87892.627947,
    "standard_error": 623.312995
  },
  "Median": {
    "confidence_interval": {
      "confidence_level": 0.95,
      "lower_bound": 86666.697115,
      "upper_bound": 86776.694444
    },
    "point_estimate": 86713.803922,
    "standard_error": 31.09147
  },
  "MedianAbsDev": {
    "confidence_interval": {
      "confidence_level": 0.95,
      "lower_bound": 125.318683,
      "upper_bound": 251.642736
    },
    "point_estimate": 162.075269,
    "standard_error": 34.936336
  },
  "Slope": {
    "confidence_interval": {
      "confidence_level": 0.95,
      "lower_bound": 86761.145857,
      "upper_bound": 87147.833185
    },
    "point_estimate": 86924.845461,
    "standard_error": 101.51191
  },
  "StdDev": {
    "confidence_interval": {
      "confidence_level": 0.95,
      "lower_bound": 780.376168,
      "upper_bound": 10112.658187
    },
    "point_estimate": 6268.333815,
    "standard_error": 2454.95767
  }
}