{
  "Mean": {
    "confidence_interval": {
      "confidence_level": 0.95,
      "lower_bound": 188088.782582,
      "upper_bound": 191714.250006
    },
    "point_estimate": 189478.647957,
    "standard_error": 984.513695
  },
  "Median": {
    "confidence_interval": {
      "confidence_level": 0.95,
      "lower_bound": 187876.459864,
      "upper_bound": 188044.435484
    },
    "point_estimate": 187971.729293,
    "standard_error": 44.937278
  },
  "MedianAbsDev": {
    "confidence_interval": {
      "confidence_level": 0.95,
      "lower_bound": 212.121346,
      "upper_bound": 420.9878
    },
    "point_estimate": 329.893885,
    "standard_error": 59.003497
  },
  "Slope": {
    "confidence_interval": {
      "confidence_level": 0.95,
      "lower_bound": 187803.926779,
      "upper_bound": 187874.262042
    },
    "point_estimate": 187837.048323,
    "standard_error": 17.909923
  },
  "StdDev": {
    "confidence_interval": {
      "confidence_level": 0.95,
      "lower_bound": 525.487075,
      "upper_bound": 16280.247079
    },
    "point_estimate": 9885.57226,
    "standard_error": 4554.112392
  }
}