{
  "Mean": {
    "confidence_interval": {
      "confidence_level": 0.95,
      "lower_bound": 187897.497738,
      "upper_bound": 189759.563931
    },
    "point_estimate": 188558.441642,
    "standard_error": 544.644925
  },
  "Median": {
    "confidence_interval": {
      "confidence_level": 0.95,
      "lower_bound": 187770.644316,
      "upper_bound": 187887.638918
    },
    "point_estimate": 187831.337402,
    "standard_error": 31.909462
  },
  "MedianAbsDev": {
    "confidence_interval": {
      "confidence_level": 0.95,
      "lower_bound": 182.540703,
      "upper_bound": 315.393217
    },
    "point_estimate": 247.825823,
    "standard_error": 33.455769
  },
  "Slope": {
    "confidence_interval": {
      "confidence_level": 0.95,
      "lower_bound": 187718.552523,
      "upper_bound": 188106.191388
    },
    "point_estimate": 187857.281354,
    "standard_error": 105.797087
  },
  "StdDev": {
    "confidence_interval": {
      "confidence_level": 0.95,
      "lower_bound": 317.379994,
      "upper_bound": 9339.900185
    },
    "point_estimate": 5484.758899,
    "standard_error": 3050.45987
  }
}