{
  "Mean": {
    "confidence_interval": {
      "confidence_level": 0.95,
      "lower_bound": 188505.405811,
      "upper_bound": 190355.212681
    },
    "point_estimate": 189144.672215,
    "standard_error": 575.994282
  },
  "Median": {
    "confidence_interval": {
      "confidence_level": 0.95,
      "lower_bound": 188424.321053,
      "upper_bound": 188505.705556
    },
    "point_estimate": 188460.014046,
    "standard_error": 18.876241
  },
  "MedianAbsDev": {
    "confidence_interval": {
      "confidence_level": 0.95,
      "lower_bound": 124.797172,
      "upper_bound": 203.32756
    },
    "point_estimate": 166.903815,
    "standard_error": 18.321673
  },
  "Slope": {
    "confidence_interval": {
      "confidence_level": 0.95,
      "lower_bound": 188394.914045,
      "upper_bound": 188654.460803
    },
    "point_estimate": 188490.335985,
    "standard_error": 70.727913
  },
  "StdDev": {
    "confidence_interval": {
      "confidence_level": 0.95,
      "lower_bound": 265.802346,
      "upper_bound": 9887.566928
    },
    "point_estimate": 5776.026133,
    "standard_error": 3431.941075
  }
}