{
  "Mean": {
    "confidence_interval": {
      "confidence_level": 0.95,
      "lower_bound": 794476.463519,
      "upper_bound": 803200.138802
    },
    "point_estimate": 797527.518641,
    "standard_error": 2671.949205
  },
  "Median": {
    "confidence_interval": {
      "confidence_level": 0.95,
      "lower_bound": 793944.264022,
      "upper_bound": 794681.987013
    },
    "point_estimate": 794278.237963,
    "standard_error": 175.154044
  },
  "MedianAbsDev": {
    "confidence_interval": {
      "confidence_level": 0.95,
      "lower_bound": 1008.855602,
      "upper_bound": 1699.993889
    },
    "point_estimate": 1272.922262,
    "standard_error": 175.311798
  },
  "Slope": {
    "confidence_interval": {
      "confidence_level": 0.95,
      "lower_bound": 793892.095637,
      "upper_bound": 794439.179685
    },
    "point_estimate": 794156.584191,
    "standard_error": 140.047843
  },
  "StdDev": {
    "confidence_interval": {
      "confidence_level": 0.95,
      "lower_bound": 1826.499147,
      "upper_bound": 46126.829002
    },
    "point_estimate": 26967.23413,
    "standard_error": 15725.073245
  }
}