{
  "Mean": {
    "confidence_interval": {
      "confidence_level": 0.95,
      "lower_bound": 589064.667583,
      "upper_bound": 602538.715756
    },
    "point_estimate": 594845.909259,
    "standard_error": 3487.241757
  },
  "Median": {
    "confidence_interval": {
      "confidence_level": 0.95,
      "lower_bound": 587777.658234,
      "upper_bound": 588172.787998
    },
    "point_estimate": 588000.242756,
    "standard_error": 104.25162
  },
  "MedianAbsDev": {
    "confidence_interval": {
      "confidence_level": 0.95,
      "lower_bound": 623.143113,
      "upper_bound": 1094.501216
    },
    "point_estimate": 855.900407,
    "standard_error": 121.06983
  },
  "Slope": {
    "confidence_interval": {
      "confidence_level": 0.95,
      "lower_bound": 588097.785028,
      "upper_bound": 607833.031302
    },
    "point_estimate": 595268.099939,
    "standard_error": 5431.555631
  },
  "StdDev": {
    "confidence_interval": {
      "confidence_level": 0.95,
      "lower_bound": 8663.212675,
      "upper_bound": 52974.525375
    },
    "point_estimate": 35118.927093,
    "standard_error": 11168.342384
  }
}