{
  "Mean": {
    "confidence_interval": {
      "confidence_level": 0.95,
      "lower_bound": 597423.273161,
      "upper_bound": 601522.269459
    },
    "point_estimate": 599281.64271,
    "standard_error": 1047.575932
  },
  "Median": {
    "confidence_interval": {
      "confidence_level": 0.95,
      "lower_bound": 595943.833333,
      "upper_bound": 597375.895522
    },
    "point_estimate": 596827.191805,
    "standard_error": 348.414344
  },
  "MedianAbsDev": {
    "confidence_interval": {
      "confidence_level": 0.95,
      "lower_bound": 2118.594217,
      "upper_bound": 4525.901284
    },
    "point_estimate": 3378.435214,
    "standard_error": 628.77483
  },
  "Slope": {
    "confidence_interval": {
      "confidence_level": 0.95,
      "lower_bound": 596797.469409,
      "upper_bound": 598464.628899
    },
    "point_estimate": 597558.055747,
    "standard_error": 426.082342
  },
  "StdDev": {
    "confidence_interval": {
      "confidence_level": 0.95,
      "lower_bound": 5678.841533,
      "upper_bound": 14678.078771
    },
    "point_estimate": 10517.626966,
    "standard_error": 2307.150133
  }
}