{
  "Mean": {
    "confidence_interval": {
      "confidence_level": 0.95,
      "lower_bound": 707122.707508,
      "upper_bound": 711141.160026
    },
    "point_estimate": 708543.71281,
    "standard_error": 1214.050109
  },
  "Median": {
    "confidence_interval": {
      "confidence_level": 0.95,
      "lower_bound": 706798.20693,
      "upper_bound": 707318.719318
    },
    "point_estimate": 707096.308154,
    "standard_error": 137.259589
  },
  "MedianAbsDev": {
    "confidence_interval": {
      "confidence_level": 0.95,
      "lower_bound": 815.498878,
      "upper_bound": 1414.561552
    },
    "point_estimate": 1171.216537,
    "standard_error": 152.050293
  },
  "Slope": {
    "confidence_interval": {
      "confidence_level": 0.95,
      "lower_bound": 706790.422822,
      "upper_bound": 707200.339348
    },
    "point_estimate": 706988.118955,
    "standard_error": 104.755941
  },
  "StdDev": {
    "confidence_interval": {
      "confidence_level": 0.95,
      "lower_bound": 1165.858518,
      "upper_bound": 20866.489487
    },
    "point_estimate": 12212.875972,
    "standard_error": 7026.007275
  }
}