{
  "Mean": {
    "confidence_interval": {
      "confidence_level": 0.95,
      "lower_bound": 713921.466231,
      "upper_bound": 721901.854372
    },
    "point_estimate": 717448.218244,
    "standard_error": 2044.531988
  },
  "Median": {
    "confidence_interval": {
      "confidence_level": 0.95,
      "lower_bound": 705365.08642,
      "upper_bound": 727476.317805
    },
    "point_estimate": 705679.459422,
    "standard_error": 7421.531515
  },
  "MedianAbsDev": {
    "confidence_interval": {
      "confidence_level": 0.95,
      "lower_bound": 387.815932,
      "upper_bound": 29980.772608
    },
    "point_estimate": 983.005408,
    "standard_error": 7151.364503
  },
  "Slope": {
    "confidence_interval": {
      "confidence_level": 0.95,
      "lower_bound": 706628.277906,
      "upper_bound": 708505.134202
    },
    "point_estimate": 707431.654952,
    "standard_error": 479.380933
  },
  "StdDev": {
    "confidence_interval": {
      "confidence_level": 0.95,
      "lower_bound": 11015.658617,
      "upper_bound": 30917.63826
    },
    "point_estimate": 20494.050818,
    "standard_error": 6099.749034
  }
}