{
  "Mean": {
    "confidence_interval": {
      "confidence_level": 0.95,
      "lower_bound": 704313.571768,
      "upper_bound": 707715.661286
    },
    "point_estimate": 705485.888783,
    "standard_error": 1065.035233
  },
  "Median": {
    "confidence_interval": {
      "confidence_level": 0.95,
      "lower_bound": 704147.714286,
      "upper_bound": 704244.630435
    },
    "point_estimate": 704189.642241,
    "standard_error": 25.07657
  },
  "MedianAbsDev": {
    "confidence_interval": {
      "confidence_level": 0.95,
      "lower_bound": 139.5353,
      "upper_bound": 268.315819
    },
    "point_estimate": 187.189345,
    "standard_error": 31.963806
  },
  "Slope": {
    "confidence_interval": {
      "confidence_level": 0.95,
      "lower_bound": 704104.740847,
      "upper_bound": 704173.178198
    },
    "point_estimate": 704137.404252,
    "standard_error": 17.464807
  },
  "StdDev": {
    "confidence_interval": {
      "confidence_level": 0.95,
      "lower_bound": 438.573117,
      "upper_bound": 18355.721698
    },
    "point_estimate": 10718.478904,
    "standard_error": 6398.722734
  }
}