{
  "Mean": {
    "confidence_interval": {
      "confidence_level": 0.95,
      "lower_bound": 167130.906789,
      "upper_bound": 168752.366086
    },
    "point_estimate": 167693.310269,
    "standard_error": 505.041956
  },
  "Median": {
    "confidence_interval": {
      "confidence_level": 0.95,
      "lower_bound": 167070.380952,
      "upper_bound": 167217.667535
    },
    "point_estimate": 167181.198907,
    "standard_error": 31.882581
  },
  "MedianAbsDev": {
    "confidence_interval": {
      "confidence_level": 0.95,
      "lower_bound": 209.030245,
      "upper_bound": 346.528949
    },
    "point_estimate": 266.979804,
    "standard_error": 34.633653
  },
  "Slope": {
    "confidence_interval": {
      "confidence_level": 0.95,
      "lower_bound": 167083.240635,
      "upper_bound": 167188.975757
    },
    "point_estimate": 167135.762397,
    "standard_error": 26.923814
  },
  "StdDev": {
    "confidence_interval": {
      "confidence_level": 0.95,
      "lower_bound": 318.332774,
      "upper_bound": 8679.327336
    },
    "point_estimate": 5068.264007,
    "standard_error": 3006.612208
  }
}