{
  "Mean": {
    "confidence_interval": {
      "confidence_level": 0.95,
      "lower_bound": 166381.689492,
      "upper_bound": 167937.603189
    },
    "point_estimate": 166940.782923,
    "standard_error": 443.485968
  },
  "Median": {
    "confidence_interval": {
      "confidence_level": 0.95,
      "lower_bound": 166315.767045,
      "upper_bound": 166390.333333
    },
    "point_estimate": 166337.411487,
    "standard_error": 15.652239
  },
  "MedianAbsDev": {
    "confidence_interval": {
      "confidence_level": 0.95,
      "lower_bound": 64.302231,
      "upper_bound": 135.713044
    },
    "point_estimate": 93.758072,
    "standard_error": 16.331579
  },
  "Slope": {
    "confidence_interval": {
      "confidence_level": 0.95,
      "lower_bound": 166328.862722,
      "upper_bound": 166378.679346
    },
    "point_estimate": 166352.223507,
    "standard_error": 12.731449
  },
  "StdDev": {
    "confidence_interval": {
      "confidence_level": 0.95,
      "lower_bound": 139.852318,
      "upper_bound": 7507.847294
    },
    "point_estimate": 4439.256898,
    "standard_error": 2356.965427
  }
}