{
  "Mean": {
    "confidence_interval": {
      "confidence_level": 0.95,
      "lower_bound": 166674.860398,
      "upper_bound": 168680.173954
    },
    "point_estimate": 167394.608235,
    "standard_error": 587.483437
  },
  "Median": {
    "confidence_interval": {
      "confidence_level": 0.95,
      "lower_bound": 166534.430851,
      "upper_bound": 166657.264706
    },
    "point_estimate": 166568.977273,
    "standard_error": 26.518239
  },
  "MedianAbsDev": {
    "confidence_interval": {
      "confidence_level": 0.95,
      "lower_bound": 139.093225,
      "upper_bound": 253.374411
    },
    "point_estimate": 191.074718,
    "standard_error": 28.938746
  },
  "Slope": {
    "confidence_interval": {
      "confidence_level": 0.95,
      "lower_bound": 166565.429732,
      "upper_bound": 166927.045717
    },
    "point_estimate": 166692.864334,
    "standard_error": 101.938921
  },
  "StdDev": {
    "confidence_interval": {
      "confidence_level": 0.95,
      "lower_bound": 492.003571,
      "upper_bound": 10051.723922
    },
    "point_estimate": 5910.571951,
    "standard_error": 3270.614293
  }
}