{
  "Mean": {
    "confidence_interval": {
      "confidence_level": 0.95,
      "lower_bound": 80192916.374945,
      "upper_bound": 80648512.281472
    },
    "point_estimate": 80396613.656728,
    "standard_error": 116987.529564
  },
  "Median": {
    "confidence_interval": {
      "confidence_level": 0.95,
      "lower_bound": 80089187.328571,
      "upper_bound": 80194496.784314
    },
    "point_estimate": 80141449.504975,
    "standard_error": 26127.156164
  },
  "MedianAbsDev": {
    "confidence_interval": {
      "confidence_level": 0.95,
      "lower_bound": 169202.296775,
      "upper_bound": 270718.058493
    },
    "point_estimate": 217704.970514,
    "standard_error": 25820.813804
  },
  "Slope": {
    "confidence_interval": {
      "confidence_level": 0.95,
      "lower_bound": 80040223.283168,
      "upper_bound": 80351573.749587
    },
    "point_estimate": 80147234.922069,
    "standard_error": 86098.030121
  },
  "StdDev": {
    "confidence_interval": {
      "confidence_level": 0.95,
      "lower_bound": 529184.367493,
      "upper_bound": 1660561.118148
    },
    "point_estimate": 1171214.493342,
    "standard_error": 284478.194503
  }
}