{
    "Mean": {
        "confidence_interval": {
            "confidence_level": 0.95,
            "lower_bound": 77782762.93975,
            "upper_bound": 80345801.3035
        },
        "point_estimate": 79058204.77,
        "standard_error": 655875.744944
    },
    "Median": {
        "confidence_interval": {
            "confidence_level": 0.95,
            "lower_bound": 72901110,
            "upper_bound": 85331812
        },
        "point_estimate": 73979205.5,
        "standard_error": 5055471.390725
    },
    "MedianAbsDev": {
        "confidence_interval": {
            "confidence_level": 0.95,
            "lower_bound": 629256.9528,
            "upper_bound": 9930808.84488
        },
        "point_estimate": 2484636.7077,
        "standard_error": 2623072.915128
    },
    "StdDev": {
        "confidence_interval": {
            "confidence_level": 0.95,
            "lower_bound": 6340686.434006,
            "upper_bound": 6746692.200954
        },
        "point_estimate": 6590591.633923,
        "standard_error": 102568.722645
    }
}
