{
  "Mean": {
    "confidence_interval": {
      "confidence_level": 0.95,
      "lower_bound": 80827426.095518,
      "upper_bound": 81271628.207631
    },
    "point_estimate": 81005513.793966,
    "standard_error": 116379.836504
  },
  "Median": {
    "confidence_interval": {
      "confidence_level": 0.95,
      "lower_bound": 80884910.156202,
      "upper_bound": 80973864.43639
    },
    "point_estimate": 80935402.425189,
    "standard_error": 21832.104842
  },
  "MedianAbsDev": {
    "confidence_interval": {
      "confidence_level": 0.95,
      "lower_bound": 147363.991648,
      "upper_bound": 249853.616523
    },
    "point_estimate": 208025.276053,
    "standard_error": 27592.192143
  },
  "Slope": {
    "confidence_interval": {
      "confidence_level": 0.95,
      "lower_bound": 80887116.931225,
      "upper_bound": 80949337.354291
    },
    "point_estimate": 80918097.767519,
    "standard_error": 15902.243136
  },
  "StdDev": {
    "confidence_interval": {
      "confidence_level": 0.95,
      "lower_bound": 351507.236742,
      "upper_bound": 1925470.949717
    },
    "point_estimate": 1171796.421814,
    "standard_error": 502772.429785
  }
}