{
  "Mean": {
    "confidence_interval": {
      "confidence_level": 0.95,
      "lower_bound": 85885332.199775,
      "upper_bound": 86413835.618489
    },
    "point_estimate": 86104878.975337,
    "standard_error": 138620.441411
  },
  "Median": {
    "confidence_interval": {
      "confidence_level": 0.95,
      "lower_bound": 85915961,
      "upper_bound": 85989043.606742
    },
    "point_estimate": 85956442.37,
    "standard_error": 19530.560278
  },
  "MedianAbsDev": {
    "confidence_interval": {
      "confidence_level": 0.95,
      "lower_bound": 125123.792507,
      "upper_bound": 224672.569299
    },
    "point_estimate": 174489.316253,
    "standard_error": 25796.138078
  },
  "Slope": {
    "confidence_interval": {
      "confidence_level": 0.95,
      "lower_bound": 85930434.790758,
      "upper_bound": 86462623.71696
    },
    "point_estimate": 86110875.45077,
    "standard_error": 152721.546087
  },
  "StdDev": {
    "confidence_interval": {
      "confidence_level": 0.95,
      "lower_bound": 295527.061074,
      "upper_bound": 2222121.759343
    },
    "point_estimate": 1392795.505831,
    "standard_error": 528086.907923
  }
}