{
  "Mean": {
    "confidence_interval": {
      "confidence_level": 0.95,
      "lower_bound": 104766.63614,
      "upper_bound": 106208.459533
    },
    "point_estimate": 105284.719525,
    "standard_error": 415.179132
  },
  "Median": {
    "confidence_interval": {
      "confidence_level": 0.95,
      "lower_bound": 104725.857037,
      "upper_bound": 104913.669132
    },
    "point_estimate": 104809.689358,
    "standard_error": 52.919481
  },
  "MedianAbsDev": {
    "confidence_interval": {
      "confidence_level": 0.95,
      "lower_bound": 265.488886,
      "upper_bound": 428.72881
    },
    "point_estimate": 346.80575,
    "standard_error": 41.725213
  },
  "Slope": {
    "confidence_interval": {
      "confidence_level": 0.95,
      "lower_bound": 104923.216841,
      "upper_bound": 105043.378429
    },
    "point_estimate": 104986.401336,
    "standard_error": 30.648934
  },
  "StdDev": {
    "confidence_interval": {
      "confidence_level": 0.95,
      "lower_bound": 296.603962,
      "upper_bound": 7123.949515
    },
    "point_estimate": 4192.860598,
    "standard_error": 2278.381145
  }
}