{
  "Mean": {
    "confidence_interval": {
      "confidence_level": 0.95,
      "lower_bound": 105510.708444,
      "upper_bound": 107068.097874
    },
    "point_estimate": 106137.952148,
    "standard_error": 409.030928
  },
  "Median": {
    "confidence_interval": {
      "confidence_level": 0.95,
      "lower_bound": 104555.444304,
      "upper_bound": 104659.451685
    },
    "point_estimate": 104609.436192,
    "standard_error": 235.746726
  },
  "MedianAbsDev": {
    "confidence_interval": {
      "confidence_level": 0.95,
      "lower_bound": 157.068574,
      "upper_bound": 551.769356
    },
    "point_estimate": 346.938886,
    "standard_error": 269.855321
  },
  "Slope": {
    "confidence_interval": {
      "confidence_level": 0.95,
      "lower_bound": 104654.145758,
      "upper_bound": 104825.015256
    },
    "point_estimate": 104728.258479,
    "standard_error": 43.629465
  },
  "StdDev": {
    "confidence_interval": {
      "confidence_level": 0.95,
      "lower_bound": 1536.247062,
      "upper_bound": 6669.106438
    },
    "point_estimate": 4113.427816,
    "standard_error": 1729.77831
  }
}