{
  "Mean": {
    "confidence_interval": {
      "confidence_level": 0.95,
      "lower_bound": 104214.173192,
      "upper_bound": 106043.306024
    },
    "point_estimate": 104991.146651,
    "standard_error": 471.352085
  },
  "Median": {
    "confidence_interval": {
      "confidence_level": 0.95,
      "lower_bound": 104086.355769,
      "upper_bound": 104191.438492
    },
    "point_estimate": 104114.386238,
    "standard_error": 28.583934
  },
  "MedianAbsDev": {
    "confidence_interval": {
      "confidence_level": 0.95,
      "lower_bound": 124.891384,
      "upper_bound": 252.13604
    },
    "point_estimate": 159.561549,
    "standard_error": 32.737174
  },
  "Slope": {
    "confidence_interval": {
      "confidence_level": 0.95,
      "lower_bound": 104058.202693,
      "upper_bound": 104156.332709
    },
    "point_estimate": 104099.977785,
    "standard_error": 25.202542
  },
  "StdDev": {
    "confidence_interval": {
      "confidence_level": 0.95,
      "lower_bound": 298.638966,
      "upper_bound": 7326.452549
    },
    "point_estimate": 4734.152963,
    "standard_error": 1728.957148
  }
}