{
    "Mean": {
        "confidence_interval": {
            "confidence_level": 0.95,
            "lower_bound": 107785.758932,
            "upper_bound": 110066.133986
        },
        "point_estimate": 108597.131413,
        "standard_error": 677.070197
    },
    "Median": {
        "confidence_interval": {
            "confidence_level": 0.95,
            "lower_bound": 107378.717391,
            "upper_bound": 108060.065217
        },
        "point_estimate": 107881.625,
        "standard_error": 198.459047
    },
    "MedianAbsDev": {
        "confidence_interval": {
            "confidence_level": 0.95,
            "lower_bound": 374.235636,
            "upper_bound": 1070.936772
        },
        "point_estimate": 886.667318,
        "standard_error": 181.691562
    },
    "StdDev": {
        "confidence_interval": {
            "confidence_level": 0.95,
            "lower_bound": 634.389176,
            "upper_bound": 11587.277477
        },
        "point_estimate": 6796.982614,
        "standard_error": 3830.85446
    }
}
