{
  "Mean": {
    "confidence_interval": {
      "confidence_level": 0.95,
      "lower_bound": 180501.330921,
      "upper_bound": 181522.808841
    },
    "point_estimate": 180933.923862,
    "standard_error": 262.885687
  },
  "Median": {
    "confidence_interval": {
      "confidence_level": 0.95,
      "lower_bound": 180420.56367,
      "upper_bound": 180483.805664
    },
    "point_estimate": 180446.816086,
    "standard_error": 15.127928
  },
  "MedianAbsDev": {
    "confidence_interval": {
      "confidence_level": 0.95,
      "lower_bound": 106.245055,
      "upper_bound": 191.422269
    },
    "point_estimate": 152.413954,
    "standard_error": 21.957097
  },
  "Slope": {
    "confidence_interval": {
      "confidence_level": 0.95,
      "lower_bound": 180389.316593,
      "upper_bound": 180442.127216
    },
    "point_estimate": 180414.992846,
    "standard_error": 13.427215
  },
  "StdDev": {
    "confidence_interval": {
      "confidence_level": 0.95,
      "lower_bound": 321.508277,
      "upper_bound": 4220.847736
    },
    "point_estimate": 2646.158827,
    "standard_error": 965.212303
  }
}