{
  "Mean": {
    "confidence_interval": {
      "confidence_level": 0.95,
      "lower_bound": 175220.382691,
      "upper_bound": 179032.448294
    },
    "point_estimate": 176669.654473,
    "standard_error": 1022.076377
  },
  "Median": {
    "confidence_interval": {
      "confidence_level": 0.95,
      "lower_bound": 174768.802718,
      "upper_bound": 174941.841348
    },
    "point_estimate": 174867.896535,
    "standard_error": 43.564864
  },
  "MedianAbsDev": {
    "confidence_interval": {
      "confidence_level": 0.95,
      "lower_bound": 209.356299,
      "upper_bound": 533.042292
    },
    "point_estimate": 314.999797,
    "standard_error": 84.069541
  },
  "Slope": {
    "confidence_interval": {
      "confidence_level": 0.95,
      "lower_bound": 174886.130109,
      "upper_bound": 175514.867756
    },
    "point_estimate": 175149.793403,
    "standard_error": 163.635632
  },
  "StdDev": {
    "confidence_interval": {
      "confidence_level": 0.95,
      "lower_bound": 1254.369144,
      "upper_bound": 17012.935539
    },
    "point_estimate": 10209.918935,
    "standard_error": 4803.764835
  }
}