{
  "Mean": {
    "confidence_interval": {
      "confidence_level": 0.95,
      "lower_bound": 113781.385298,
      "upper_bound": 115381.47319
    },
    "point_estimate": 114349.202925,
    "standard_error": 473.992546
  },
  "Median": {
    "confidence_interval": {
      "confidence_level": 0.95,
      "lower_bound": 113698.831541,
      "upper_bound": 113796.698873
    },
    "point_estimate": 113744.685779,
    "standard_error": 23.108597
  },
  "MedianAbsDev": {
    "confidence_interval": {
      "confidence_level": 0.95,
      "lower_bound": 126.895558,
      "upper_bound": 214.144501
    },
    "point_estimate": 170.377701,
    "standard_error": 22.598869
  },
  "Slope": {
    "confidence_interval": {
      "confidence_level": 0.95,
      "lower_bound": 113674.93216,
      "upper_bound": 113725.147378
    },
    "point_estimate": 113698.860933,
    "standard_error": 12.840134
  },
  "StdDev": {
    "confidence_interval": {
      "confidence_level": 0.95,
      "lower_bound": 223.664739,
      "upper_bound": 8159.183427
    },
    "point_estimate": 4786.257816,
    "standard_error": 2694.77414
  }
}