{
  "Mean": {
    "confidence_interval": {
      "confidence_level": 0.95,
      "lower_bound": 106179.856417,
      "upper_bound": 108222.845012
    },
    "point_estimate": 106906.676426,
    "standard_error": 609.419987
  },
  "Median": {
    "confidence_interval": {
      "confidence_level": 0.95,
      "lower_bound": 105999.016609,
      "upper_bound": 106099.757813
    },
    "point_estimate": 106049.917794,
    "standard_error": 27.57806
  },
  "MedianAbsDev": {
    "confidence_interval": {
      "confidence_level": 0.95,
      "lower_bound": 143.65975,
      "upper_bound": 282.338188
    },
    "point_estimate": 207.504838,
    "standard_error": 35.614783
  },
  "Slope": {
    "confidence_interval": {
      "confidence_level": 0.95,
      "lower_bound": 106054.08119,
      "upper_bound": 106165.114002
    },
    "point_estimate": 106104.024583,
    "standard_error": 28.408329
  },
  "StdDev": {
    "confidence_interval": {
      "confidence_level": 0.95,
      "lower_bound": 537.825036,
      "upper_bound": 10425.824948
    },
    "point_estimate": 6117.521513,
    "standard_error": 3460.84777
  }
}