{
    "Mean": {
        "confidence_interval": {
            "confidence_level": 0.95,
            "lower_bound": 23968976.772,
            "upper_bound": 24159114.81375
        },
        "point_estimate": 24054073.7,
        "standard_error": 48845.832943
    },
    "Median": {
        "confidence_interval": {
            "confidence_level": 0.95,
            "lower_bound": 23898199,
            "upper_bound": 24012345
        },
        "point_estimate": 23965101,
        "standard_error": 33827.218828
    },
    "MedianAbsDev": {
        "confidence_interval": {
            "confidence_level": 0.95,
            "lower_bound": 181590.3306,
            "upper_bound": 287908.058445
        },
        "point_estimate": 233042.481,
        "standard_error": 26705.135232
    },
    "StdDev": {
        "confidence_interval": {
            "confidence_level": 0.95,
            "lower_bound": 260905.003318,
            "upper_bound": 723263.383759
        },
        "point_estimate": 491931.970822,
        "standard_error": 130782.185588
    }
}
