{
  "Mean": {
    "confidence_interval": {
      "confidence_level": 0.95,
      "lower_bound": 23143631.179468,
      "upper_bound": 23163543.233862
    },
    "point_estimate": 23152235.775863,
    "standard_error": 5148.820814
  },
  "Median": {
    "confidence_interval": {
      "confidence_level": 0.95,
      "lower_bound": 23138535.661438,
      "upper_bound": 23152992.356322
    },
    "point_estimate": 23141516.002846,
    "standard_error": 3721.629128
  },
  "MedianAbsDev": {
    "confidence_interval": {
      "confidence_level": 0.95,
      "lower_bound": 17426.093793,
      "upper_bound": 27451.608879
    },
    "point_estimate": 22183.003484,
    "standard_error": 2596.856401
  },
  "Slope": {
    "confidence_interval": {
      "confidence_level": 0.95,
      "lower_bound": 23141607.19522,
      "upper_bound": 23153251.940172
    },
    "point_estimate": 23147373.195055,
    "standard_error": 2968.989817
  },
  "StdDev": {
    "confidence_interval": {
      "confidence_level": 0.95,
      "lower_bound": 22261.380264,
      "upper_bound": 79772.430137
    },
    "point_estimate": 51790.787822,
    "standard_error": 16539.082657
  }
}