{
  "Mean": {
    "confidence_interval": {
      "confidence_level": 0.95,
      "lower_bound": 22711026.217585,
      "upper_bound": 22742221.999677
    },
    "point_estimate": 22725736.618054,
    "standard_error": 7936.482151
  },
  "Median": {
    "confidence_interval": {
      "confidence_level": 0.95,
      "lower_bound": 22708829.348485,
      "upper_bound": 22739341.214547
    },
    "point_estimate": 22729013.396823,
    "standard_error": 7381.140887
  },
  "MedianAbsDev": {
    "confidence_interval": {
      "confidence_level": 0.95,
      "lower_bound": 37773.424468,
      "upper_bound": 66654.811381
    },
    "point_estimate": 50767.758735,
    "standard_error": 7231.154135
  },
  "Slope": {
    "confidence_interval": {
      "confidence_level": 0.95,
      "lower_bound": 22718477.671142,
      "upper_bound": 22747227.850286
    },
    "point_estimate": 22734689.85893,
    "standard_error": 7384.580164
  },
  "StdDev": {
    "confidence_interval": {
      "confidence_level": 0.95,
      "lower_bound": 51851.412182,
      "upper_bound": 108702.085302
    },
    "point_estimate": 79751.387345,
    "standard_error": 15175.780777
  }
}