{
  "Mean": {
    "confidence_interval": {
      "confidence_level": 0.95,
      "lower_bound": 22655283.964093,
      "upper_bound": 22688719.662816
    },
    "point_estimate": 22668634.128278,
    "standard_error": 8818.180763
  },
  "Median": {
    "confidence_interval": {
      "confidence_level": 0.95,
      "lower_bound": 22649857.552083,
      "upper_bound": 22661056.843373
    },
    "point_estimate": 22655013.196429,
    "standard_error": 2973.328252
  },
  "MedianAbsDev": {
    "confidence_interval": {
      "confidence_level": 0.95,
      "lower_bound": 16571.836939,
      "upper_bound": 32009.292334
    },
    "point_estimate": 27018.24612,
    "standard_error": 3837.675903
  },
  "Slope": {
    "confidence_interval": {
      "confidence_level": 0.95,
      "lower_bound": 22652503.54388,
      "upper_bound": 22665868.025302
    },
    "point_estimate": 22658922.942252,
    "standard_error": 3410.949637
  },
  "StdDev": {
    "confidence_interval": {
      "confidence_level": 0.95,
      "lower_bound": 27914.13068,
      "upper_bound": 144691.998678
    },
    "point_estimate": 88792.528827,
    "standard_error": 37675.163876
  }
}