{
    "Mean": {
        "confidence_interval": {
            "confidence_level": 0.95,
            "lower_bound": 4995758.351125,
            "upper_bound": 5014420.77525
        },
        "point_estimate": 5003490.77,
        "standard_error": 4850.992928
    },
    "Median": {
        "confidence_interval": {
            "confidence_level": 0.95,
            "lower_bound": 4990719.25,
            "upper_bound": 5001315
        },
        "point_estimate": 4995928.25,
        "standard_error": 2675.514892
    },
    "MedianAbsDev": {
        "confidence_interval": {
            "confidence_level": 0.95,
            "lower_bound": 14797.0893,
            "upper_bound": 23391.7215
        },
        "point_estimate": 20279.7441,
        "standard_error": 2082.383006
    },
    "StdDev": {
        "confidence_interval": {
            "confidence_level": 0.95,
            "lower_bound": 16461.931506,
            "upper_bound": 77427.716875
        },
        "point_estimate": 48657.396528,
        "standard_error": 17923.028667
    }
}
