{
  "Mean": {
    "confidence_interval": {
      "confidence_level": 0.95,
      "lower_bound": 4897567.752264,
      "upper_bound": 4916932.184472
    },
    "point_estimate": 4904269.998644,
    "standard_error": 6007.430007
  },
  "Median": {
    "confidence_interval": {
      "confidence_level": 0.95,
      "lower_bound": 4896258,
      "upper_bound": 4896640.253333
    },
    "point_estimate": 4896374.651918,
    "standard_error": 98.996897
  },
  "MedianAbsDev": {
    "confidence_interval": {
      "confidence_level": 0.95,
      "lower_bound": 527.342654,
      "upper_bound": 1176.645196
    },
    "point_estimate": 758.388796,
    "standard_error": 165.214656
  },
  "Slope": {
    "confidence_interval": {
      "confidence_level": 0.95,
      "lower_bound": 4896291.709716,
      "upper_bound": 4896742.653064
    },
    "point_estimate": 4896489.812886,
    "standard_error": 115.351917
  },
  "StdDev": {
    "confidence_interval": {
      "confidence_level": 0.95,
      "lower_bound": 3171.72741,
      "upper_bound": 103691.631117
    },
    "point_estimate": 60571.32268,
    "standard_error": 35868.350568
  }
}