{
  "Mean": {
    "confidence_interval": {
      "confidence_level": 0.95,
      "lower_bound": 5001669.187076,
      "upper_bound": 5012477.918766
    },
    "point_estimate": 5005616.491891,
    "standard_error": 3089.268396
  },
  "Median": {
    "confidence_interval": {
      "confidence_level": 0.95,
      "lower_bound": 5000714.258861,
      "upper_bound": 5003022.060241
    },
    "point_estimate": 5001564.987469,
    "standard_error": 508.757513
  },
  "MedianAbsDev": {
    "confidence_interval": {
      "confidence_level": 0.95,
      "lower_bound": 3139.79317,
      "upper_bound": 5162.464587
    },
    "point_estimate": 4297.140831,
    "standard_error": 512.521214
  },
  "Slope": {
    "confidence_interval": {
      "confidence_level": 0.95,
      "lower_bound": 5002041.197141,
      "upper_bound": 5004059.437391
    },
    "point_estimate": 5003028.182509,
    "standard_error": 515.338028
  },
  "StdDev": {
    "confidence_interval": {
      "confidence_level": 0.95,
      "lower_bound": 4249.778305,
      "upper_bound": 52733.54214
    },
    "point_estimate": 31117.177364,
    "standard_error": 16618.92814
  }
}