{
  "Mean": {
    "confidence_interval": {
      "confidence_level": 0.95,
      "lower_bound": 4938880.355084,
      "upper_bound": 4949744.520338
    },
    "point_estimate": 4942664.34285,
    "standard_error": 3320.676669
  },
  "Median": {
    "confidence_interval": {
      "confidence_level": 0.95,
      "lower_bound": 4938324.217172,
      "upper_bound": 4938616.829212
    },
    "point_estimate": 4938463.341056,
    "standard_error": 74.396425
  },
  "MedianAbsDev": {
    "confidence_interval": {
      "confidence_level": 0.95,
      "lower_bound": 545.424729,
      "upper_bound": 955.937004
    },
    "point_estimate": 732.483825,
    "standard_error": 100.958721
  },
  "Slope": {
    "confidence_interval": {
      "confidence_level": 0.95,
      "lower_bound": 4938254.759845,
      "upper_bound": 4939657.791672
    },
    "point_estimate": 4938780.071284,
    "standard_error": 376.907058
  },
  "StdDev": {
    "confidence_interval": {
      "confidence_level": 0.95,
      "lower_bound": 1723.448093,
      "upper_bound": 56997.737447
    },
    "point_estimate": 33342.407129,
    "standard_error": 19428.447128
  }
}