{
  "Mean": {
    "confidence_interval": {
      "confidence_level": 0.95,
      "lower_bound": 16046944.329634,
      "upper_bound": 16177389.36157
    },
    "point_estimate": 16103492.994554,
    "standard_error": 33743.723667
  },
  "Median": {
    "confidence_interval": {
      "confidence_level": 0.95,
      "lower_bound": 16031868.666667,
      "upper_bound": 16040889.397959
    },
    "point_estimate": 16035484.163246,
    "standard_error": 2197.982863
  },
  "MedianAbsDev": {
    "confidence_interval": {
      "confidence_level": 0.95,
      "lower_bound": 12640.191415,
      "upper_bound": 21847.07832
    },
    "point_estimate": 18023.961485,
    "standard_error": 2302.959445
  },
  "Slope": {
    "confidence_interval": {
      "confidence_level": 0.95,
      "lower_bound": 16042657.06051,
      "upper_bound": 16074887.329669
    },
    "point_estimate": 16056235.229044,
    "standard_error": 8335.670002
  },
  "StdDev": {
    "confidence_interval": {
      "confidence_level": 0.95,
      "lower_bound": 108492.573834,
      "upper_bound": 499450.221645
    },
    "point_estimate": 339717.163696,
    "standard_error": 98040.902854
  }
}