{
  "Mean": {
    "confidence_interval": {
      "confidence_level": 0.95,
      "lower_bound": 15952317.587694,
      "upper_bound": 15977232.269768
    },
    "point_estimate": 15963338.520556,
    "standard_error": 6409.510312
  },
  "Median": {
    "confidence_interval": {
      "confidence_level": 0.95,
      "lower_bound": 15943972.673469,
      "upper_bound": 15954396.75
    },
    "point_estimate": 15950274.582692,
    "standard_error": 2764.325726
  },
  "MedianAbsDev": {
    "confidence_interval": {
      "confidence_level": 0.95,
      "lower_bound": 14637.369097,
      "upper_bound": 23941.543462
    },
    "point_estimate": 19775.104038,
    "standard_error": 2362.498442
  },
  "Slope": {
    "confidence_interval": {
      "confidence_level": 0.95,
      "lower_bound": 15936932.244406,
      "upper_bound": 15944336.80035
    },
    "point_estimate": 15940234.107368,
    "standard_error": 1882.17762
  },
  "StdDev": {
    "confidence_interval": {
      "confidence_level": 0.95,
      "lower_bound": 32203.804059,
      "upper_bound": 95677.946545
    },
    "point_estimate": 64580.771088,
    "standard_error": 17994.489131
  }
}