{
    "Mean": {
        "confidence_interval": {
            "confidence_level": 0.95,
            "lower_bound": 16284283.11175,
            "upper_bound": 16666264.132
        },
        "point_estimate": 16440555.94,
        "standard_error": 99710.64087
    },
    "Median": {
        "confidence_interval": {
            "confidence_level": 0.95,
            "lower_bound": 16151080,
            "upper_bound": 16309045
        },
        "point_estimate": 16244251,
        "standard_error": 43891.504448
    },
    "MedianAbsDev": {
        "confidence_interval": {
            "confidence_level": 0.95,
            "lower_bound": 185345.7564,
            "upper_bound": 329384.0529
        },
        "point_estimate": 247208.724,
        "standard_error": 36468.135924
    },
    "StdDev": {
        "confidence_interval": {
            "confidence_level": 0.95,
            "lower_bound": 307778.624775,
            "upper_bound": 1609691.952553
        },
        "point_estimate": 1002826.354796,
        "standard_error": 388560.558078
    }
}
