{
  "Mean": {
    "confidence_interval": {
      "confidence_level": 0.95,
      "lower_bound": 16510695.553115,
      "upper_bound": 17105945.593551
    },
    "point_estimate": 16789268.138724,
    "standard_error": 152527.62989
  },
  "Median": {
    "confidence_interval": {
      "confidence_level": 0.95,
      "lower_bound": 16237602.173913,
      "upper_bound": 16247731.746269
    },
    "point_estimate": 16241912.139655,
    "standard_error": 2494.203465
  },
  "MedianAbsDev": {
    "confidence_interval": {
      "confidence_level": 0.95,
      "lower_bound": 15273.327372,
      "upper_bound": 26236.581087
    },
    "point_estimate": 21191.52819,
    "standard_error": 2944.48096
  },
  "Slope": {
    "confidence_interval": {
      "confidence_level": 0.95,
      "lower_bound": 16347144.130811,
      "upper_bound": 16893394.078924
    },
    "point_estimate": 16582832.733997,
    "standard_error": 141027.621677
  },
  "StdDev": {
    "confidence_interval": {
      "confidence_level": 0.95,
      "lower_bound": 1080749.544518,
      "upper_bound": 1888017.565866
    },
    "point_estimate": 1536485.863482,
    "standard_error": 206533.940625
  }
}