{
  "Mean": {
    "confidence_interval": {
      "confidence_level": 0.95,
      "lower_bound": 49557.729213,
      "upper_bound": 51703.731128
    },
    "point_estimate": 50519.572542,
    "standard_error": 550.815996
  },
  "Median": {
    "confidence_interval": {
      "confidence_level": 0.95,
      "lower_bound": 48651.810714,
      "upper_bound": 49526.73125
    },
    "point_estimate": 49158.194504,
    "standard_error": 250.594245
  },
  "MedianAbsDev": {
    "confidence_interval": {
      "confidence_level": 0.95,
      "lower_bound": 634.056936,
      "upper_bound": 1598.558841
    },
    "point_estimate": 1274.781677,
    "standard_error": 291.346064
  },
  "Slope": {
    "confidence_interval": {
      "confidence_level": 0.95,
      "lower_bound": 48968.585263,
      "upper_bound": 52538.658884
    },
    "point_estimate": 50546.713763,
    "standard_error": 917.028103
  },
  "StdDev": {
    "confidence_interval": {
      "confidence_level": 0.95,
      "lower_bound": 2643.273579,
      "upper_bound": 7730.110476
    },
    "point_estimate": 5547.674608,
    "standard_error": 1303.848834
  }
}