{
  "Mean": {
    "confidence_interval": {
      "confidence_level": 0.95,
      "lower_bound": 40372439.476779,
      "upper_bound": 40409449.241029
    },
    "point_estimate": 40388908.505265,
    "standard_error": 9502.421291
  },
  "Median": {
    "confidence_interval": {
      "confidence_level": 0.95,
      "lower_bound": 40367623.65625,
      "upper_bound": 40388156.897917
    },
    "point_estimate": 40375940.281501,
    "standard_error": 5065.602484
  },
  "MedianAbsDev": {
    "confidence_interval": {
      "confidence_level": 0.95,
      "lower_bound": 31274.194517,
      "upper_bound": 55040.291419
    },
    "point_estimate": 40375.314108,
    "standard_error": 6211.941151
  },
  "Slope": {
    "confidence_interval": {
      "confidence_level": 0.95,
      "lower_bound": 40372538.073517,
      "upper_bound": 40393081.659815
    },
    "point_estimate": 40382218.868793,
    "standard_error": 5238.916821
  },
  "StdDev": {
    "confidence_interval": {
      "confidence_level": 0.95,
      "lower_bound": 44141.45984,
      "upper_bound": 140356.714766
    },
    "point_estimate": 95453.45759,
    "standard_error": 25054.627265
  }
}