{
  "Mean": {
    "confidence_interval": {
      "confidence_level": 0.95,
      "lower_bound": 40216330.821598,
      "upper_bound": 41166618.292644
    },
    "point_estimate": 40622817.22118,
    "standard_error": 243718.296268
  },
  "Median": {
    "confidence_interval": {
      "confidence_level": 0.95,
      "lower_bound": 40194872.783784,
      "upper_bound": 40214665.805195
    },
    "point_estimate": 40203336.642218,
    "standard_error": 5095.616076
  },
  "MedianAbsDev": {
    "confidence_interval": {
      "confidence_level": 0.95,
      "lower_bound": 25072.432288,
      "upper_bound": 50987.411703
    },
    "point_estimate": 33389.272468,
    "standard_error": 6825.207648
  },
  "Slope": {
    "confidence_interval": {
      "confidence_level": 0.95,
      "lower_bound": 40203708.850533,
      "upper_bound": 40418760.204714
    },
    "point_estimate": 40290412.047105,
    "standard_error": 54981.255248
  },
  "StdDev": {
    "confidence_interval": {
      "confidence_level": 0.95,
      "lower_bound": 91849.500437,
      "upper_bound": 3808567.554558
    },
    "point_estimate": 2442029.919239,
    "standard_error": 899776.176251
  }
}