{
  "Mean": {
    "confidence_interval": {
      "confidence_level": 0.95,
      "lower_bound": 40221848.399776,
      "upper_bound": 40868310.850058
    },
    "point_estimate": 40455186.105301,
    "standard_error": 185681.196935
  },
  "Median": {
    "confidence_interval": {
      "confidence_level": 0.95,
      "lower_bound": 40194798.143349,
      "upper_bound": 40217083.46875
    },
    "point_estimate": 40202682.927521,
    "standard_error": 5865.031276
  },
  "MedianAbsDev": {
    "confidence_interval": {
      "confidence_level": 0.95,
      "lower_bound": 22507.026941,
      "upper_bound": 39727.297553
    },
    "point_estimate": 31493.925254,
    "standard_error": 4212.963038
  },
  "Slope": {
    "confidence_interval": {
      "confidence_level": 0.95,
      "lower_bound": 40208418.88711,
      "upper_bound": 40756593.085051
    },
    "point_estimate": 40398044.889951,
    "standard_error": 151889.600132
  },
  "StdDev": {
    "confidence_interval": {
      "confidence_level": 0.95,
      "lower_bound": 121445.437043,
      "upper_bound": 3161088.088466
    },
    "point_estimate": 1862734.810243,
    "standard_error": 1007512.073991
  }
}