{
  "Mean": {
    "confidence_interval": {
      "confidence_level": 0.95,
      "lower_bound": 1203174.566824,
      "upper_bound": 1215077.066807
    },
    "point_estimate": 1208248.429522,
    "standard_error": 3071.618539
  },
  "Median": {
    "confidence_interval": {
      "confidence_level": 0.95,
      "lower_bound": 1204784.383088,
      "upper_bound": 1212505.038606
    },
    "point_estimate": 1209511.438001,
    "standard_error": 1928.765352
  },
  "MedianAbsDev": {
    "confidence_interval": {
      "confidence_level": 0.95,
      "lower_bound": 11820.668318,
      "upper_bound": 20157.328035
    },
    "point_estimate": 15491.323048,
    "standard_error": 2212.848801
  },
  "Slope": {
    "confidence_interval": {
      "confidence_level": 0.95,
      "lower_bound": 1204193.66719,
      "upper_bound": 1211481.189995
    },
    "point_estimate": 1208012.396598,
    "standard_error": 1862.656016
  },
  "StdDev": {
    "confidence_interval": {
      "confidence_level": 0.95,
      "lower_bound": 14781.253391,
      "upper_bound": 48323.347237
    },
    "point_estimate": 30861.102061,
    "standard_error": 10859.516316
  }
}