{
    "Mean": {
        "confidence_interval": {
            "confidence_level": 0.95,
            "lower_bound": 1190009.1425,
            "upper_bound": 1200557.596781
        },
        "point_estimate": 1195026.06625,
        "standard_error": 2696.816993
    },
    "Median": {
        "confidence_interval": {
            "confidence_level": 0.95,
            "lower_bound": 1180610.75,
            "upper_bound": 1198209.5
        },
        "point_estimate": 1189232.125,
        "standard_error": 4016.064452
    },
    "MedianAbsDev": {
        "confidence_interval": {
            "confidence_level": 0.95,
            "lower_bound": 18665.378025,
            "upper_bound": 33689.8611
        },
        "point_estimate": 26758.057462,
        "standard_error": 3833.328537
    },
    "StdDev": {
        "confidence_interval": {
            "confidence_level": 0.95,
            "lower_bound": 20477.834229,
            "upper_bound": 35251.392921
        },
        "point_estimate": 27017.003877,
        "standard_error": 4346.029393
    }
}
