{
  "Mean": {
    "confidence_interval": {
      "confidence_level": 0.95,
      "lower_bound": 1188309.333799,
      "upper_bound": 1215784.323832
    },
    "point_estimate": 1199156.095497,
    "standard_error": 7247.804007
  },
  "Median": {
    "confidence_interval": {
      "confidence_level": 0.95,
      "lower_bound": 1183919.625,
      "upper_bound": 1191831.756984
    },
    "point_estimate": 1189314.015385,
    "standard_error": 1982.499757
  },
  "MedianAbsDev": {
    "confidence_interval": {
      "confidence_level": 0.95,
      "lower_bound": 10034.33393,
      "upper_bound": 17620.86177
    },
    "point_estimate": 14127.667944,
    "standard_error": 1959.454715
  },
  "Slope": {
    "confidence_interval": {
      "confidence_level": 0.95,
      "lower_bound": 1187063.887458,
      "upper_bound": 1229746.045436
    },
    "point_estimate": 1202031.564699,
    "standard_error": 11916.341418
  },
  "StdDev": {
    "confidence_interval": {
      "confidence_level": 0.95,
      "lower_bound": 14210.801388,
      "upper_bound": 119117.247031
    },
    "point_estimate": 72770.53966,
    "standard_error": 30831.653092
  }
}