{
  "Mean": {
    "confidence_interval": {
      "confidence_level": 0.95,
      "lower_bound": 1205811.762109,
      "upper_bound": 1220324.867526
    },
    "point_estimate": 1211932.221823,
    "standard_error": 3751.95044
  },
  "Median": {
    "confidence_interval": {
      "confidence_level": 0.95,
      "lower_bound": 1207463.666667,
      "upper_bound": 1218318.855281
    },
    "point_estimate": 1214262.142308,
    "standard_error": 2532.552581
  },
  "MedianAbsDev": {
    "confidence_interval": {
      "confidence_level": 0.95,
      "lower_bound": 12381.697528,
      "upper_bound": 22155.893531
    },
    "point_estimate": 16219.733141,
    "standard_error": 2291.381431
  },
  "Slope": {
    "confidence_interval": {
      "confidence_level": 0.95,
      "lower_bound": 1208828.49404,
      "upper_bound": 1214898.187789
    },
    "point_estimate": 1211958.971119,
    "standard_error": 1551.628606
  },
  "StdDev": {
    "confidence_interval": {
      "confidence_level": 0.95,
      "lower_bound": 16407.286219,
      "upper_bound": 60185.846154
    },
    "point_estimate": 37820.341867,
    "standard_error": 14210.873641
  }
}