{
  "Mean": {
    "confidence_interval": {
      "confidence_level": 0.95,
      "lower_bound": 982889.431158,
      "upper_bound": 987331.475927
    },
    "point_estimate": 984682.554373,
    "standard_error": 1175.794822
  },
  "Median": {
    "confidence_interval": {
      "confidence_level": 0.95,
      "lower_bound": 983869.858209,
      "upper_bound": 984826.479539
    },
    "point_estimate": 984503.528541,
    "standard_error": 282.691701
  },
  "MedianAbsDev": {
    "confidence_interval": {
      "confidence_level": 0.95,
      "lower_bound": 1719.477017,
      "upper_bound": 3105.12983
    },
    "point_estimate": 2257.224683,
    "standard_error": 361.852753
  },
  "Slope": {
    "confidence_interval": {
      "confidence_level": 0.95,
      "lower_bound": 984612.803618,
      "upper_bound": 985396.931356
    },
    "point_estimate": 985003.405081,
    "standard_error": 199.831239
  },
  "StdDev": {
    "confidence_interval": {
      "confidence_level": 0.95,
      "lower_bound": 2530.451629,
      "upper_bound": 19704.285999
    },
    "point_estimate": 11822.034735,
    "standard_error": 5373.215048
  }
}