{
    "Mean": {
        "confidence_interval": {
            "confidence_level": 0.95,
            "lower_bound": 14985896.84575,
            "upper_bound": 15086106.845
        },
        "point_estimate": 15034942.27,
        "standard_error": 25607.152714
    },
    "Median": {
        "confidence_interval": {
            "confidence_level": 0.95,
            "lower_bound": 14979514.5,
            "upper_bound": 15098436
        },
        "point_estimate": 15065588,
        "standard_error": 30507.338525
    },
    "MedianAbsDev": {
        "confidence_interval": {
            "confidence_level": 0.95,
            "lower_bound": 104180.8194,
            "upper_bound": 360217.61097
        },
        "point_estimate": 265779.7716,
        "standard_error": 73478.690547
    },
    "StdDev": {
        "confidence_interval": {
            "confidence_level": 0.95,
            "lower_bound": 215600.292404,
            "upper_bound": 291735.751036
        },
        "point_estimate": 257036.152565,
        "standard_error": 19421.458933
    }
}
