{
  "Mean": {
    "confidence_interval": {
      "confidence_level": 0.95,
      "lower_bound": 14297350.113243,
      "upper_bound": 14308464.507455
    },
    "point_estimate": 14301453.582488,
    "standard_error": 3124.429849
  },
  "Median": {
    "confidence_interval": {
      "confidence_level": 0.95,
      "lower_bound": 14296463.875,
      "upper_bound": 14298527.145161
    },
    "point_estimate": 14297413.544958,
    "standard_error": 563.036354
  },
  "MedianAbsDev": {
    "confidence_interval": {
      "confidence_level": 0.95,
      "lower_bound": 3361.900306,
      "upper_bound": 6154.710775
    },
    "point_estimate": 4980.180696,
    "standard_error": 710.135155
  },
  "Slope": {
    "confidence_interval": {
      "confidence_level": 0.95,
      "lower_bound": 14297487.797331,
      "upper_bound": 14299556.29361
    },
    "point_estimate": 14298460.300299,
    "standard_error": 528.458154
  },
  "StdDev": {
    "confidence_interval": {
      "confidence_level": 0.95,
      "lower_bound": 6103.411636,
      "upper_bound": 53020.259662
    },
    "point_estimate": 31376.782937,
    "standard_error": 16326.809693
  }
}