{
  "Mean": {
    "confidence_interval": {
      "confidence_level": 0.95,
      "lower_bound": 12429277.211882,
      "upper_bound": 12457707.559762
    },
    "point_estimate": 12442425.220189,
    "standard_error": 7314.211324
  },
  "Median": {
    "confidence_interval": {
      "confidence_level": 0.95,
      "lower_bound": 12412982,
      "upper_bound": 12421564.360036
    },
    "point_estimate": 12417659.546107,
    "standard_error": 2208.714344
  },
  "MedianAbsDev": {
    "confidence_interval": {
      "confidence_level": 0.95,
      "lower_bound": 10621.529078,
      "upper_bound": 22370.348825
    },
    "point_estimate": 16618.012848,
    "standard_error": 3077.667907
  },
  "Slope": {
    "confidence_interval": {
      "confidence_level": 0.95,
      "lower_bound": 12428002.755042,
      "upper_bound": 12465601.587722
    },
    "point_estimate": 12444872.696917,
    "standard_error": 9647.906167
  },
  "StdDev": {
    "confidence_interval": {
      "confidence_level": 0.95,
      "lower_bound": 43872.156311,
      "upper_bound": 98397.441112
    },
    "point_estimate": 73860.181812,
    "standard_error": 13880.224206
  }
}