{
  "Mean": {
    "confidence_interval": {
      "confidence_level": 0.95,
      "lower_bound": 14333339.198828,
      "upper_bound": 14348692.902406
    },
    "point_estimate": 14339787.363189,
    "standard_error": 4033.768342
  },
  "Median": {
    "confidence_interval": {
      "confidence_level": 0.95,
      "lower_bound": 14331886.294872,
      "upper_bound": 14334856.333333
    },
    "point_estimate": 14333565.401792,
    "standard_error": 798.304352
  },
  "MedianAbsDev": {
    "confidence_interval": {
      "confidence_level": 0.95,
      "lower_bound": 4914.400734,
      "upper_bound": 7867.080895
    },
    "point_estimate": 6282.820492,
    "standard_error": 771.871968
  },
  "Slope": {
    "confidence_interval": {
      "confidence_level": 0.95,
      "lower_bound": 14332715.751913,
      "upper_bound": 14336213.502324
    },
    "point_estimate": 14334366.127693,
    "standard_error": 892.703872
  },
  "StdDev": {
    "confidence_interval": {
      "confidence_level": 0.95,
      "lower_bound": 7876.67821,
      "upper_bound": 62316.143859
    },
    "point_estimate": 40606.739505,
    "standard_error": 14777.580654
  }
}