{
  "Mean": {
    "confidence_interval": {
      "confidence_level": 0.95,
      "lower_bound": 665687.683983,
      "upper_bound": 670916.453706
    },
    "point_estimate": 667527.041587,
    "standard_error": 1575.746552
  },
  "Median": {
    "confidence_interval": {
      "confidence_level": 0.95,
      "lower_bound": 665411.175,
      "upper_bound": 665863.709596
    },
    "point_estimate": 665685.621875,
    "standard_error": 125.949047
  },
  "MedianAbsDev": {
    "confidence_interval": {
      "confidence_level": 0.95,
      "lower_bound": 779.245526,
      "upper_bound": 1292.640764
    },
    "point_estimate": 1043.420185,
    "standard_error": 138.62654
  },
  "Slope": {
    "confidence_interval": {
      "confidence_level": 0.95,
      "lower_bound": 665257.858818,
      "upper_bound": 665686.717978
    },
    "point_estimate": 665470.968147,
    "standard_error": 109.465647
  },
  "StdDev": {
    "confidence_interval": {
      "confidence_level": 0.95,
      "lower_bound": 1114.41984,
      "upper_bound": 26996.06939
    },
    "point_estimate": 15808.906803,
    "standard_error": 9070.081911
  }
}