{
  "Mean": {
    "confidence_interval": {
      "confidence_level": 0.95,
      "lower_bound": 592976.498145,
      "upper_bound": 605312.0648
    },
    "point_estimate": 598169.437065,
    "standard_error": 3186.485907
  },
  "Median": {
    "confidence_interval": {
      "confidence_level": 0.95,
      "lower_bound": 592316.568008,
      "upper_bound": 592893.166667
    },
    "point_estimate": 592547.056302,
    "standard_error": 148.04585
  },
  "MedianAbsDev": {
    "confidence_interval": {
      "confidence_level": 0.95,
      "lower_bound": 784.558201,
      "upper_bound": 1490.253795
    },
    "point_estimate": 1035.514945,
    "standard_error": 177.908866
  },
  "Slope": {
    "confidence_interval": {
      "confidence_level": 0.95,
      "lower_bound": 592456.376404,
      "upper_bound": 610196.165227
    },
    "point_estimate": 598890.925632,
    "standard_error": 4884.579301
  },
  "StdDev": {
    "confidence_interval": {
      "confidence_level": 0.95,
      "lower_bound": 2028.6615,
      "upper_bound": 51267.619393
    },
    "point_estimate": 31972.907432,
    "standard_error": 12245.76584
  }
}