{
  "Mean": {
    "confidence_interval": {
      "confidence_level": 0.95,
      "lower_bound": 666202.824499,
      "upper_bound": 672340.306564
    },
    "point_estimate": 668700.205299,
    "standard_error": 1663.96086
  },
  "Median": {
    "confidence_interval": {
      "confidence_level": 0.95,
      "lower_bound": 665848.578947,
      "upper_bound": 666349.816855
    },
    "point_estimate": 666031.185507,
    "standard_error": 136.101214
  },
  "MedianAbsDev": {
    "confidence_interval": {
      "confidence_level": 0.95,
      "lower_bound": 856.226187,
      "upper_bound": 1342.749745
    },
    "point_estimate": 1155.505934,
    "standard_error": 122.372783
  },
  "Slope": {
    "confidence_interval": {
      "confidence_level": 0.95,
      "lower_bound": 665727.945663,
      "upper_bound": 666138.969655
    },
    "point_estimate": 665935.917636,
    "standard_error": 104.838077
  },
  "StdDev": {
    "confidence_interval": {
      "confidence_level": 0.95,
      "lower_bound": 1333.110536,
      "upper_bound": 25939.323928
    },
    "point_estimate": 16679.207676,
    "standard_error": 6782.866599
  }
}