{
  "Mean": {
    "confidence_interval": {
      "confidence_level": 0.95,
      "lower_bound": 1035028.211066,
      "upper_bound": 1045437.842352
    },
    "point_estimate": 1038581.969129,
    "standard_error": 3322.82944
  },
  "Median": {
    "confidence_interval": {
      "confidence_level": 0.95,
      "lower_bound": 1034608.886598,
      "upper_bound": 1035007.945055
    },
    "point_estimate": 1034742.476136,
    "standard_error": 94.10224
  },
  "MedianAbsDev": {
    "confidence_interval": {
      "confidence_level": 0.95,
      "lower_bound": 429.656554,
      "upper_bound": 810.196457
    },
    "point_estimate": 615.324849,
    "standard_error": 91.053166
  },
  "Slope": {
    "confidence_interval": {
      "confidence_level": 0.95,
      "lower_bound": 1034530.580737,
      "upper_bound": 1034780.061586
    },
    "point_estimate": 1034651.663363,
    "standard_error": 63.708084
  },
  "StdDev": {
    "confidence_interval": {
      "confidence_level": 0.95,
      "lower_bound": 1149.789153,
      "upper_bound": 57212.013374
    },
    "point_estimate": 33378.592968,
    "standard_error": 20299.382861
  }
}