{
  "Mean": {
    "confidence_interval": {
      "confidence_level": 0.95,
      "lower_bound": 897787.886995,
      "upper_bound": 914770.865892
    },
    "point_estimate": 904007.313336,
    "standard_error": 4690.532265
  },
  "Median": {
    "confidence_interval": {
      "confidence_level": 0.95,
      "lower_bound": 897137.735169,
      "upper_bound": 897637.367347
    },
    "point_estimate": 897323.13701,
    "standard_error": 124.608922
  },
  "MedianAbsDev": {
    "confidence_interval": {
      "confidence_level": 0.95,
      "lower_bound": 672.230549,
      "upper_bound": 1274.109021
    },
    "point_estimate": 927.819317,
    "standard_error": 157.821996
  },
  "Slope": {
    "confidence_interval": {
      "confidence_level": 0.95,
      "lower_bound": 897376.217797,
      "upper_bound": 898427.163077
    },
    "point_estimate": 897844.298621,
    "standard_error": 270.173533
  },
  "StdDev": {
    "confidence_interval": {
      "confidence_level": 0.95,
      "lower_bound": 1826.123291,
      "upper_bound": 79566.699532
    },
    "point_estimate": 47148.255463,
    "standard_error": 24319.632485
  }
}