{
  "Mean": {
    "confidence_interval": {
      "confidence_level": 0.95,
      "lower_bound": 1034441.04935,
      "upper_bound": 1044697.626699
    },
    "point_estimate": 1038016.88507,
    "standard_error": 3139.7639
  },
  "Median": {
    "confidence_interval": {
      "confidence_level": 0.95,
      "lower_bound": 1034085.642857,
      "upper_bound": 1034404.757143
    },
    "point_estimate": 1034282.69503,
    "standard_error": 82.804503
  },
  "MedianAbsDev": {
    "confidence_interval": {
      "confidence_level": 0.95,
      "lower_bound": 537.623879,
      "upper_bound": 991.48016
    },
    "point_estimate": 811.334111,
    "standard_error": 123.330048
  },
  "Slope": {
    "confidence_interval": {
      "confidence_level": 0.95,
      "lower_bound": 1033947.247528,
      "upper_bound": 1034450.993633
    },
    "point_estimate": 1034163.200736,
    "standard_error": 129.962699
  },
  "StdDev": {
    "confidence_interval": {
      "confidence_level": 0.95,
      "lower_bound": 1085.310209,
      "upper_bound": 53833.243151
    },
    "point_estimate": 31498.11566,
    "standard_error": 18377.893755
  }
}