{
  "Mean": {
    "confidence_interval": {
      "confidence_level": 0.95,
      "lower_bound": 917383.211021,
      "upper_bound": 966134.304992
    },
    "point_estimate": 940248.52496,
    "standard_error": 12441.970964
  },
  "Median": {
    "confidence_interval": {
      "confidence_level": 0.95,
      "lower_bound": 898008.5,
      "upper_bound": 898602.311224
    },
    "point_estimate": 898374.765098,
    "standard_error": 150.569417
  },
  "MedianAbsDev": {
    "confidence_interval": {
      "confidence_level": 0.95,
      "lower_bound": 972.272361,
      "upper_bound": 1924.374766
    },
    "point_estimate": 1302.780052,
    "standard_error": 239.689417
  },
  "Slope": {
    "confidence_interval": {
      "confidence_level": 0.95,
      "lower_bound": 905358.380757,
      "upper_bound": 928841.449317
    },
    "point_estimate": 915420.416721,
    "standard_error": 6010.040179
  },
  "StdDev": {
    "confidence_interval": {
      "confidence_level": 0.95,
      "lower_bound": 86231.428439,
      "upper_bound": 155757.886921
    },
    "point_estimate": 125367.391639,
    "standard_error": 18040.130822
  }
}