{
  "Mean": {
    "confidence_interval": {
      "confidence_level": 0.95,
      "lower_bound": 665503.615921,
      "upper_bound": 673206.592308
    },
    "point_estimate": 668278.623175,
    "standard_error": 2187.798474
  },
  "Median": {
    "confidence_interval": {
      "confidence_level": 0.95,
      "lower_bound": 665052.94898,
      "upper_bound": 665628.606061
    },
    "point_estimate": 665242.181504,
    "standard_error": 131.475111
  },
  "MedianAbsDev": {
    "confidence_interval": {
      "confidence_level": 0.95,
      "lower_bound": 847.521853,
      "upper_bound": 1514.860236
    },
    "point_estimate": 1132.714867,
    "standard_error": 167.107202
  },
  "Slope": {
    "confidence_interval": {
      "confidence_level": 0.95,
      "lower_bound": 664901.611783,
      "upper_bound": 665302.63532
    },
    "point_estimate": 665090.742205,
    "standard_error": 102.558915
  },
  "StdDev": {
    "confidence_interval": {
      "confidence_level": 0.95,
      "lower_bound": 1381.694978,
      "upper_bound": 37204.620193
    },
    "point_estimate": 21961.68036,
    "standard_error": 11667.342011
  }
}