{
  "Mean": {
    "confidence_interval": {
      "confidence_level": 0.95,
      "lower_bound": 568652.065249,
      "upper_bound": 580176.635948
    },
    "point_estimate": 573374.16314,
    "standard_error": 3014.306849
  },
  "Median": {
    "confidence_interval": {
      "confidence_level": 0.95,
      "lower_bound": 565890.305556,
      "upper_bound": 566911.224138
    },
    "point_estimate": 566400.386364,
    "standard_error": 289.285782
  },
  "MedianAbsDev": {
    "confidence_interval": {
      "confidence_level": 0.95,
      "lower_bound": 975.664746,
      "upper_bound": 2253.911286
    },
    "point_estimate": 1634.018867,
    "standard_error": 398.983645
  },
  "Slope": {
    "confidence_interval": {
      "confidence_level": 0.95,
      "lower_bound": 567717.876809,
      "upper_bound": 571188.798437
    },
    "point_estimate": 569316.21306,
    "standard_error": 890.512449
  },
  "StdDev": {
    "confidence_interval": {
      "confidence_level": 0.95,
      "lower_bound": 7519.170445,
      "upper_bound": 49145.520783
    },
    "point_estimate": 30490.871343,
    "standard_error": 11889.116493
  }
}