{
  "Mean": {
    "confidence_interval": {
      "confidence_level": 0.95,
      "lower_bound": 665754.657558,
      "upper_bound": 670868.225887
    },
    "point_estimate": 667543.124648,
    "standard_error": 1568.45633
  },
  "Median": {
    "confidence_interval": {
      "confidence_level": 0.95,
      "lower_bound": 665495.399863,
      "upper_bound": 665980.136222
    },
    "point_estimate": 665706.208462,
    "standard_error": 148.073928
  },
  "MedianAbsDev": {
    "confidence_interval": {
      "confidence_level": 0.95,
      "lower_bound": 656.755134,
      "upper_bound": 1085.466103
    },
    "point_estimate": 871.194812,
    "standard_error": 116.998584
  },
  "Slope": {
    "confidence_interval": {
      "confidence_level": 0.95,
      "lower_bound": 665368.488152,
      "upper_bound": 665651.308789
    },
    "point_estimate": 665510.744135,
    "standard_error": 72.223121
  },
  "StdDev": {
    "confidence_interval": {
      "confidence_level": 0.95,
      "lower_bound": 1059.561737,
      "upper_bound": 26939.73896
    },
    "point_estimate": 15753.167816,
    "standard_error": 9190.981464
  }
}