{
  "Mean": {
    "confidence_interval": {
      "confidence_level": 0.95,
      "lower_bound": 578247.456649,
      "upper_bound": 606167.178679
    },
    "point_estimate": 591411.981275,
    "standard_error": 7159.699542
  },
  "Median": {
    "confidence_interval": {
      "confidence_level": 0.95,
      "lower_bound": 565489.614198,
      "upper_bound": 566020.929688
    },
    "point_estimate": 565707.422536,
    "standard_error": 125.881838
  },
  "MedianAbsDev": {
    "confidence_interval": {
      "confidence_level": 0.95,
      "lower_bound": 1016.454565,
      "upper_bound": 1942.366379
    },
    "point_estimate": 1424.85423,
    "standard_error": 259.614168
  },
  "Slope": {
    "confidence_interval": {
      "confidence_level": 0.95,
      "lower_bound": 566062.926079,
      "upper_bound": 581229.03701
    },
    "point_estimate": 571963.743078,
    "standard_error": 4118.166538
  },
  "StdDev": {
    "confidence_interval": {
      "confidence_level": 0.95,
      "lower_bound": 51648.032233,
      "upper_bound": 87459.585581
    },
    "point_estimate": 72109.140387,
    "standard_error": 9153.978608
  }
}