{
  "Mean": {
    "confidence_interval": {
      "confidence_level": 0.95,
      "lower_bound": 1767434.463473,
      "upper_bound": 1917481.074888
    },
    "point_estimate": 1829909.380969,
    "standard_error": 39029.585273
  },
  "Median": {
    "confidence_interval": {
      "confidence_level": 0.95,
      "lower_bound": 1747597.309711,
      "upper_bound": 1809424.333333
    },
    "point_estimate": 1766926.886161,
    "standard_error": 15481.487427
  },
  "MedianAbsDev": {
    "confidence_interval": {
      "confidence_level": 0.95,
      "lower_bound": 81131.393854,
      "upper_bound": 130440.906716
    },
    "point_estimate": 98112.678376,
    "standard_error": 12462.312015
  },
  "Slope": {
    "confidence_interval": {
      "confidence_level": 0.95,
      "lower_bound": 1752887.305989,
      "upper_bound": 1792733.792909
    },
    "point_estimate": 1772543.79304,
    "standard_error": 10130.127551
  },
  "StdDev": {
    "confidence_interval": {
      "confidence_level": 0.95,
      "lower_bound": 137225.351948,
      "upper_bound": 623948.310133
    },
    "point_estimate": 393080.419086,
    "standard_error": 144429.133191
  }
}