{
  "Mean": {
    "confidence_interval": {
      "confidence_level": 0.95,
      "lower_bound": 1659180.917551,
      "upper_bound": 1738669.149799
    },
    "point_estimate": 1697213.634561,
    "standard_error": 20319.861862
  },
  "Median": {
    "confidence_interval": {
      "confidence_level": 0.95,
      "lower_bound": 1648308.602889,
      "upper_bound": 1699883.571429
    },
    "point_estimate": 1673495.523865,
    "standard_error": 13418.822142
  },
  "MedianAbsDev": {
    "confidence_interval": {
      "confidence_level": 0.95,
      "lower_bound": 121474.866198,
      "upper_bound": 213938.403317
    },
    "point_estimate": 172592.998353,
    "standard_error": 23117.862839
  },
  "Slope": {
    "confidence_interval": {
      "confidence_level": 0.95,
      "lower_bound": 1677661.059455,
      "upper_bound": 1717791.779819
    },
    "point_estimate": 1697302.734547,
    "standard_error": 10230.648727
  },
  "StdDev": {
    "confidence_interval": {
      "confidence_level": 0.95,
      "lower_bound": 150017.49202,
      "upper_bound": 259344.950821
    },
    "point_estimate": 203759.771169,
    "standard_error": 28480.380095
  }
}