{
  "Mean": {
    "confidence_interval": {
      "confidence_level": 0.95,
      "lower_bound": 20493848.050739,
      "upper_bound": 20594128.722312
    },
    "point_estimate": 20536415.522741,
    "standard_error": 26024.220243
  },
  "Median": {
    "confidence_interval": {
      "confidence_level": 0.95,
      "lower_bound": 20487228.84,
      "upper_bound": 20492583.485714
    },
    "point_estimate": 20489753.45,
    "standard_error": 1404.601452
  },
  "MedianAbsDev": {
    "confidence_interval": {
      "confidence_level": 0.95,
      "lower_bound": 10069.28856,
      "upper_bound": 20794.296739
    },
    "point_estimate": 13829.640529,
    "standard_error": 2668.557563
  },
  "Slope": {
    "confidence_interval": {
      "confidence_level": 0.95,
      "lower_bound": 20498815.130243,
      "upper_bound": 20639866.09408
    },
    "point_estimate": 20558815.388902,
    "standard_error": 36061.17283
  },
  "StdDev": {
    "confidence_interval": {
      "confidence_level": 0.95,
      "lower_bound": 51049.905577,
      "upper_bound": 399691.010586
    },
    "point_estimate": 262505.919351,
    "standard_error": 90912.85894
  }
}