{
  "Mean": {
    "confidence_interval": {
      "confidence_level": 0.95,
      "lower_bound": 20405717.157616,
      "upper_bound": 20419196.536579
    },
    "point_estimate": 20411528.210724,
    "standard_error": 3480.842813
  },
  "Median": {
    "confidence_interval": {
      "confidence_level": 0.95,
      "lower_bound": 20399296.545455,
      "upper_bound": 20407774.078431
    },
    "point_estimate": 20403008.90641,
    "standard_error": 2431.724622
  },
  "MedianAbsDev": {
    "confidence_interval": {
      "confidence_level": 0.95,
      "lower_bound": 12397.165559,
      "upper_bound": 24001.313545
    },
    "point_estimate": 18770.266653,
    "standard_error": 3000.538603
  },
  "Slope": {
    "confidence_interval": {
      "confidence_level": 0.95,
      "lower_bound": 20409643.253871,
      "upper_bound": 20418402.190308
    },
    "point_estimate": 20414245.244105,
    "standard_error": 2227.766314
  },
  "StdDev": {
    "confidence_interval": {
      "confidence_level": 0.95,
      "lower_bound": 16596.149733,
      "upper_bound": 53996.794466
    },
    "point_estimate": 35051.541499,
    "standard_error": 11478.810378
  }
}