{
    "Mean": {
        "confidence_interval": {
            "confidence_level": 0.95,
            "lower_bound": 20607424.0345,
            "upper_bound": 20701903.2315
        },
        "point_estimate": 20651531.06,
        "standard_error": 24093.741142
    },
    "Median": {
        "confidence_interval": {
            "confidence_level": 0.95,
            "lower_bound": 20556558,
            "upper_bound": 20603451
        },
        "point_estimate": 20573902,
        "standard_error": 10631.346063
    },
    "MedianAbsDev": {
        "confidence_interval": {
            "confidence_level": 0.95,
            "lower_bound": 79533.465428,
            "upper_bound": 146605.4184
        },
        "point_estimate": 114616.8408,
        "standard_error": 17081.272464
    },
    "StdDev": {
        "confidence_interval": {
            "confidence_level": 0.95,
            "lower_bound": 163826.751975,
            "upper_bound": 314879.734069
        },
        "point_estimate": 242107.402363,
        "standard_error": 39037.620092
    }
}
