{
  "Mean": {
    "confidence_interval": {
      "confidence_level": 0.95,
      "lower_bound": 477515.762423,
      "upper_bound": 479796.845083
    },
    "point_estimate": 478416.533804,
    "standard_error": 604.371114
  },
  "Median": {
    "confidence_interval": {
      "confidence_level": 0.95,
      "lower_bound": 476838.367039,
      "upper_bound": 477476.43254
    },
    "point_estimate": 476990.632513,
    "standard_error": 173.94326
  },
  "MedianAbsDev": {
    "confidence_interval": {
      "confidence_level": 0.95,
      "lower_bound": 951.80438,
      "upper_bound": 1786.06497
    },
    "point_estimate": 1337.098535,
    "standard_error": 212.413852
  },
  "Slope": {
    "confidence_interval": {
      "confidence_level": 0.95,
      "lower_bound": 476772.39559,
      "upper_bound": 477507.140214
    },
    "point_estimate": 477087.593128,
    "standard_error": 189.013315
  },
  "StdDev": {
    "confidence_interval": {
      "confidence_level": 0.95,
      "lower_bound": 1978.133152,
      "upper_bound": 9915.575799
    },
    "point_estimate": 6073.974035,
    "standard_error": 2627.127324
  }
}