{
  "Mean": {
    "confidence_interval": {
      "confidence_level": 0.95,
      "lower_bound": 38524.361064,
      "upper_bound": 39371.451529
    },
    "point_estimate": 38842.337444,
    "standard_error": 230.283135
  },
  "Median": {
    "confidence_interval": {
      "confidence_level": 0.95,
      "lower_bound": 38438.619363,
      "upper_bound": 38543.706044
    },
    "point_estimate": 38498.218956,
    "standard_error": 30.832121
  },
  "MedianAbsDev": {
    "confidence_interval": {
      "confidence_level": 0.95,
      "lower_bound": 161.162187,
      "upper_bound": 287.712871
    },
    "point_estimate": 233.520588,
    "standard_error": 33.719372
  },
  "Slope": {
    "confidence_interval": {
      "confidence_level": 0.95,
      "lower_bound": 38444.681825,
      "upper_bound": 38523.980473
    },
    "point_estimate": 38483.31985,
    "standard_error": 20.235716
  },
  "StdDev": {
    "confidence_interval": {
      "confidence_level": 0.95,
      "lower_bound": 378.561906,
      "upper_bound": 3873.656495
    },
    "point_estimate": 2314.162976,
    "standard_error": 1129.289037
  }
}