{
  "Mean": {
    "confidence_interval": {
      "confidence_level": 0.95,
      "lower_bound": 28587.299289,
      "upper_bound": 28997.898803
    },
    "point_estimate": 28787.461319,
    "standard_error": 104.670317
  },
  "Median": {
    "confidence_interval": {
      "confidence_level": 0.95,
      "lower_bound": 28220.857143,
      "upper_bound": 28668.551071
    },
    "point_estimate": 28422.784315,
    "standard_error": 109.866492
  },
  "MedianAbsDev": {
    "confidence_interval": {
      "confidence_level": 0.95,
      "lower_bound": 681.840045,
      "upper_bound": 1321.253641
    },
    "point_estimate": 1029.079078,
    "standard_error": 164.461447
  },
  "Slope": {
    "confidence_interval": {
      "confidence_level": 0.95,
      "lower_bound": 28306.933703,
      "upper_bound": 28680.180314
    },
    "point_estimate": 28485.59202,
    "standard_error": 95.373289
  },
  "StdDev": {
    "confidence_interval": {
      "confidence_level": 0.95,
      "lower_bound": 902.505148,
      "upper_bound": 1212.529112
    },
    "point_estimate": 1051.763516,
    "standard_error": 80.319332
  }
}