{
  "Mean": {
    "confidence_interval": {
      "confidence_level": 0.95,
      "lower_bound": 4345560.3146,
      "upper_bound": 4372375.31497
    },
    "point_estimate": 4358800.402035,
    "standard_error": 6835.955943
  },
  "Median": {
    "confidence_interval": {
      "confidence_level": 0.95,
      "lower_bound": 4335692.147368,
      "upper_bound": 4378211.285714
    },
    "point_estimate": 4367126.29375,
    "standard_error": 9491.312481
  },
  "MedianAbsDev": {
    "confidence_interval": {
      "confidence_level": 0.95,
      "lower_bound": 55797.364247,
      "upper_bound": 96030.643472
    },
    "point_estimate": 75647.731922,
    "standard_error": 10731.941866
  },
  "Slope": {
    "confidence_interval": {
      "confidence_level": 0.95,
      "lower_bound": 4354306.16407,
      "upper_bound": 4378692.249743
    },
    "point_estimate": 4366611.460609,
    "standard_error": 6231.059156
  },
  "StdDev": {
    "confidence_interval": {
      "confidence_level": 0.95,
      "lower_bound": 58875.313771,
      "upper_bound": 79198.796887
    },
    "point_estimate": 68794.797492,
    "standard_error": 5245.097002
  }
}