{
  "Mean": {
    "confidence_interval": {
      "confidence_level": 0.95,
      "lower_bound": 4269953.360654,
      "upper_bound": 4302299.56143
    },
    "point_estimate": 4285551.329395,
    "standard_error": 8259.521679
  },
  "Median": {
    "confidence_interval": {
      "confidence_level": 0.95,
      "lower_bound": 4253758.499038,
      "upper_bound": 4275522.6125
    },
    "point_estimate": 4255514.820633,
    "standard_error": 5234.605511
  },
  "MedianAbsDev": {
    "confidence_interval": {
      "confidence_level": 0.95,
      "lower_bound": 4362.857038,
      "upper_bound": 76148.401133
    },
    "point_estimate": 35471.549752,
    "standard_error": 19234.970253
  },
  "Slope": {
    "confidence_interval": {
      "confidence_level": 0.95,
      "lower_bound": 4293322.092766,
      "upper_bound": 4325683.988641
    },
    "point_estimate": 4309013.931896,
    "standard_error": 8259.344558
  },
  "StdDev": {
    "confidence_interval": {
      "confidence_level": 0.95,
      "lower_bound": 63254.570164,
      "upper_bound": 104103.661396
    },
    "point_estimate": 83296.00249,
    "standard_error": 10633.932203
  }
}