{
  "Mean": {
    "confidence_interval": {
      "confidence_level": 0.95,
      "lower_bound": 4317724.106676,
      "upper_bound": 4337582.858478
    },
    "point_estimate": 4327218.992078,
    "standard_error": 5087.872023
  },
  "Median": {
    "confidence_interval": {
      "confidence_level": 0.95,
      "lower_bound": 4306508.38,
      "upper_bound": 4320351.924799
    },
    "point_estimate": 4312293.00624,
    "standard_error": 3356.484781
  },
  "MedianAbsDev": {
    "confidence_interval": {
      "confidence_level": 0.95,
      "lower_bound": 24217.599254,
      "upper_bound": 43045.262179
    },
    "point_estimate": 31451.978314,
    "standard_error": 4618.191655
  },
  "Slope": {
    "confidence_interval": {
      "confidence_level": 0.95,
      "lower_bound": 4325694.379104,
      "upper_bound": 4351852.9323
    },
    "point_estimate": 4338138.149431,
    "standard_error": 6666.170972
  },
  "StdDev": {
    "confidence_interval": {
      "confidence_level": 0.95,
      "lower_bound": 38490.992912,
      "upper_bound": 62714.635436
    },
    "point_estimate": 51083.768521,
    "standard_error": 6224.042957
  }
}